{
  "depth": 0.9875,
  "height": 1.0,
  "width": 0.9875,
  "x": 0.00625,
  "y": 0.0,
  "z": 0.00625
}