{
  "depth": 0.9875,
  "height": 0.875,
  "width": 0.9875,
  "x": 0.00625,
  "y": 0.0625,
  "z": 0.00625
}