{
  "depth": 0.05625,
  "height": 0.75,
  "sides": [
    "north",
    "south"
  ],
  "width": 0.4375,
  "x": 0.3125,
  "y": 0.125,
  "z": 0.471875
}