{
  "depth": 0.4875,
  "height": 0.9875,
  "width": 0.4875,
  "x": 0.25625,
  "y": 0.00625,
  "z": 0.25625
}